{
	"format_version": "1.8.0",
	"animations": {
		"clap": {
			"animation_length": 0.2917,
			"bones": {
				"right_arm": {
					"rotation": {
						"0.0": {
							"vector": [-90, 0, 0]
						},
						"0.125": {
							"vector": [-90, -25, 0],
							"easing": "easeInElastic"
						},
						"0.25": {
							"vector": [-90, 0, 0],
							"easing": "easeInElastic"
						}
					}
				},
				"left_arm": {
					"rotation": {
						"0.0": {
							"vector": [-90, 0, 0]
						},
						"0.125": {
							"vector": [-90, 25, 0],
							"easing": "easeInElastic"
						},
						"0.25": {
							"vector": [-90, 0, 0],
							"easing": "easeInElastic"
						}
					}
				}
			}
		},
		"gaoler_summon": {
			"loop": "hold_on_last_frame",
			"animation_length": 1.25,
			"bones": {
				"body": {
					"rotation": {
						"0.0": {
							"vector": [0, 0, 0]
						},
						"0.2917": {
							"vector": [7.5, 0, 0]
						},
						"1.25": {
							"vector": [7.5, 0, 0]
						}
					}
				},
				"head": {
					"rotation": {
						"0.0": {
							"vector": [0, 0, 0]
						},
						"0.2917": {
							"vector": [-7.5, 0, 0]
						},
						"1.25": {
							"vector": [-7.5, 0, 0]
						}
					}
				},
				"right_arm": {
					"rotation": {
						"0.0": {
							"vector": [0, 0, 0]
						},
						"0.2083": {
							"vector": [-87.24194, -24.97457, -1.16524]
						},
						"0.375": {
							"vector": [-109.41759, -25.04376, 9.86716]
						},
						"0.4583": {
							"vector": [-107.12065, -26.60872, 4.59511]
						},
						"0.5417": {
							"vector": [-109.42, -25.04, 9.87]
						},
						"1.25": {
							"vector": [-109.42, -25.04, 9.87]
						}
					}
				},
				"left_arm": {
					"rotation": {
						"0.0": {
							"vector": [0, 0, 0]
						},
						"0.2083": {
							"vector": [-73.82646, 21.69365, 6.1191]
						},
						"0.375": {
							"vector": [-89.804, 22.36591, 3.52351]
						},
						"0.4583": {
							"vector": [-86.72738, 22.14235, 11.62097]
						},
						"0.5417": {
							"vector": [-89.8, 22.37, 3.52]
						},
						"1.25": {
							"vector": [-89.8, 22.37, 3.52]
						}
					}
				},
				"right_leg": {
					"rotation": {
						"0.0": {
							"vector": [0, 0, 0]
						},
						"0.2083": {
							"vector": [-7.5, 0, 0]
						},
						"0.375": {
							"vector": [-12.60443, 7.32123, -1.63219]
						},
						"1.25": {
							"vector": [-12.60443, 7.32123, -1.63219]
						}
					}
				},
				"left_leg": {
					"rotation": {
						"0.0": {
							"vector": [0, 0, 0]
						},
						"0.2083": {
							"vector": [-7.5, 0, 0]
						},
						"0.375": {
							"vector": [-2.52154, -7.49282, 0.32902]
						},
						"1.25": {
							"vector": [-2.52154, -7.49282, 0.32902]
						}
					}
				}
			}
		}
	},
	"geckolib_format_version": 2
}