{
	"format_version": "1.8.0",
	"animations": {
		"idle": {
			"loop": true,
			"animation_length": 1.5,
			"bones": {
				"hand": {
					"rotation": {
						"vector": [0, 0, 0]
					}
				},
				"claws": {
					"rotation": {
						"0.0": {
							"vector": [0, 0, 0]
						},
						"1.5": {
							"vector": [0, 0, 0]
						}
					},
					"position": {
						"0.0": {
							"vector": [0, 0, 0]
						},
						"1.5": {
							"vector": [0, 0, 0]
						}
					}
				},
				"finger1": {
					"rotation": {
						"0.0": {
							"vector": [0, 0, 0]
						},
						"0.25": {
							"vector": [-20, 0, 0]
						},
						"0.5": {
							"vector": [3.07307, -1.62695, -2.36917]
						},
						"0.625": {
							"vector": [10.13406, -1.39453, -2.03072]
						},
						"0.8333": {
							"vector": [24.81905, -1.00716, -1.46663]
						},
						"0.875": {
							"vector": [24.15989, -0.92969, -1.35381]
						},
						"1.0833": {
							"vector": [5.8641, -0.54232, -0.78972]
						},
						"1.1667": {
							"vector": [-5.81136, -0.38737, -0.56409]
						},
						"1.375": {
							"vector": [0, 0, 0]
						},
						"1.5": {
							"vector": [0, 0, 0]
						}
					},
					"position": {
						"0.0": {
							"vector": [0, 0, 0]
						},
						"0.7083": {
							"vector": [0, 0, 0]
						},
						"0.875": {
							"vector": [0, -0.25, 0]
						},
						"1.0417": {
							"vector": [0, 0.02, 0]
						},
						"1.5": {
							"vector": [0, 0, 0]
						}
					}
				},
				"digit": {
					"rotation": {
						"0.0": {
							"vector": [0, 0, 0]
						},
						"0.2917": {
							"vector": [0, 0, 0]
						},
						"0.4167": {
							"vector": [5, 0, 0]
						},
						"0.5": {
							"vector": [15, 0, 0]
						},
						"0.625": {
							"vector": [22.5, 0, 0]
						},
						"0.8333": {
							"vector": [42.5, 0, 0]
						},
						"1.1667": {
							"vector": [25, 0, 0]
						},
						"1.5": {
							"vector": [0, 0, 0]
						}
					},
					"position": {
						"0.0": {
							"vector": [0, 0, 0]
						},
						"0.9583": {
							"vector": [0, 0, 0]
						}
					}
				},
				"digit2": {
					"rotation": {
						"0.0": {
							"vector": [0, 0, 0]
						},
						"0.625": {
							"vector": [20, 0, 0]
						},
						"0.875": {
							"vector": [29.23, 0, 0]
						},
						"1.1667": {
							"vector": [7.5, 0, 0]
						},
						"1.5": {
							"vector": [0, 0, 0]
						}
					}
				},
				"finger2": {
					"rotation": {
						"0.0": {
							"vector": [0, 0, 0]
						},
						"0.1667": {
							"vector": [-10, 0, 0]
						},
						"0.25": {
							"vector": [-16.81, 0, 0]
						},
						"0.4167": {
							"vector": [-17.65, 0, 0]
						},
						"0.5": {
							"vector": [-3.07, 0, 0]
						},
						"0.8333": {
							"vector": [28.1, 0, 0]
						},
						"0.875": {
							"vector": [28.44, 0, 0]
						},
						"1.0833": {
							"vector": [0.13, 0, 0]
						},
						"1.375": {
							"vector": [0, 0, 0]
						},
						"1.5": {
							"vector": [0, 0, 0]
						}
					}
				},
				"digit3": {
					"rotation": {
						"0.0": {
							"vector": [0, 0, 0]
						},
						"0.4167": {
							"vector": [5, 0, 0]
						},
						"0.5": {
							"vector": [7.5, 0, 0]
						},
						"0.625": {
							"vector": [22.5, 0, 0]
						},
						"0.8333": {
							"vector": [32.5, 0, 0]
						},
						"1.1667": {
							"vector": [15, 0, 0]
						},
						"1.5": {
							"vector": [0, 0, 0]
						}
					}
				},
				"digit4": {
					"rotation": {
						"0.0": {
							"vector": [0, 0, 0]
						},
						"0.625": {
							"vector": [5, 0, 0]
						},
						"0.8333": {
							"vector": [25, 0, 0]
						},
						"0.875": {
							"vector": [33.13, 0, 0]
						},
						"1.1667": {
							"vector": [10, 0, 0]
						},
						"1.5": {
							"vector": [0, 0, 0]
						}
					}
				},
				"finger3": {
					"rotation": {
						"0.0": {
							"vector": [0, 0, 0]
						},
						"0.1667": {
							"vector": [-5, 0, 0]
						},
						"0.25": {
							"vector": [-12.16, 0, 0]
						},
						"0.4167": {
							"vector": [-10.36, 0, 0]
						},
						"0.5": {
							"vector": [-1.96, 0, 0]
						},
						"0.8333": {
							"vector": [36.29, 0, 0]
						},
						"0.875": {
							"vector": [38.5, 0, 0]
						},
						"1.0833": {
							"vector": [4.54, 0, 0]
						},
						"1.375": {
							"vector": [0, 0, 0]
						},
						"1.5": {
							"vector": [0, 0, 0]
						}
					}
				},
				"digit5": {
					"rotation": {
						"0.0": {
							"vector": [0, 0, 0]
						},
						"0.4167": {
							"vector": [2.5, 0, 0]
						},
						"0.625": {
							"vector": [12.5, 0, 0]
						},
						"0.8333": {
							"vector": [17.5, 0, 0]
						},
						"1.1667": {
							"vector": [5, 0, 0]
						},
						"1.5": {
							"vector": [0, 0, 0]
						}
					}
				},
				"digit6": {
					"rotation": {
						"0.0": {
							"vector": [0, 0, 0]
						},
						"0.625": {
							"vector": [5, 0, 0]
						},
						"0.8333": {
							"vector": [27.5, 0, 0]
						},
						"0.875": {
							"vector": [37.5, 0, 0]
						},
						"1.1667": {
							"vector": [7.5, 0, 0]
						},
						"1.5": {
							"vector": [0, 0, 0]
						}
					}
				},
				"finger4": {
					"rotation": {
						"0.0": {
							"vector": [0, 0, 0]
						},
						"0.25": {
							"vector": [-15, 0, 0]
						},
						"0.5": {
							"vector": [3.61, 0, 0]
						},
						"0.625": {
							"vector": [13.09, 0, 0]
						},
						"0.8333": {
							"vector": [26.95, 0, 0]
						},
						"0.875": {
							"vector": [29.04, 0, 0]
						},
						"1.0833": {
							"vector": [-5.49, 0, 0]
						},
						"1.375": {
							"vector": [0, 0, 0]
						},
						"1.5": {
							"vector": [0, 0, 0]
						}
					},
					"position": {
						"0.7083": {
							"vector": [0, 0, 0]
						},
						"0.875": {
							"vector": [0, -0.25, 0]
						},
						"1.0417": {
							"vector": [0, 0, 0]
						}
					}
				},
				"digit7": {
					"rotation": {
						"0.0": {
							"vector": [0, 0, 0]
						},
						"0.4167": {
							"vector": [2.5, 0, 0]
						},
						"0.5": {
							"vector": [7.5, 0, 0]
						},
						"0.625": {
							"vector": [22.5, 0, 0]
						},
						"0.8333": {
							"vector": [35, 0, 0]
						},
						"1.1667": {
							"vector": [20, 0, 0]
						},
						"1.5": {
							"vector": [0, 0, 0]
						}
					}
				},
				"digit8": {
					"rotation": {
						"0.0": {
							"vector": [0, 0, 0]
						},
						"0.625": {
							"vector": [12.5, 0, 0]
						},
						"0.8333": {
							"vector": [20, 0, 0]
						},
						"0.875": {
							"vector": [25.31, 0, 0]
						},
						"1.1667": {
							"vector": [2.5, 0, 0]
						},
						"1.5": {
							"vector": [0, 0, 0]
						}
					}
				},
				"finger5": {
					"rotation": {
						"0.0": {
							"vector": [0, 0, 0]
						},
						"0.1667": {
							"vector": [7.5, 0, 0]
						},
						"0.25": {
							"vector": [16.98, 0, 0]
						},
						"0.5": {
							"vector": [1.66, 0, 0]
						},
						"0.625": {
							"vector": [-6.08, 0, 0]
						},
						"0.8333": {
							"vector": [-16.89, 0, 0]
						},
						"0.875": {
							"vector": [-28.45714, -1.16639, -4.86239]
						},
						"1.0833": {
							"vector": [3.41, 0, 0]
						},
						"1.375": {
							"vector": [0, 0, 0]
						},
						"1.5": {
							"vector": [0, 0, 0]
						}
					}
				},
				"digit9": {
					"rotation": {
						"0.0": {
							"vector": [0, 0, 0]
						},
						"0.4167": {
							"vector": [-2.5, 0, 0]
						},
						"0.5": {
							"vector": [-12.5, 0, 0]
						},
						"0.625": {
							"vector": [-22.5, 0, 0]
						},
						"0.875": {
							"vector": [-24.23, 0, 0]
						},
						"1.1667": {
							"vector": [-10, 0, 0]
						},
						"1.5": {
							"vector": [0, 0, 0]
						}
					}
				},
				"digit10": {
					"rotation": {
						"0.0": {
							"vector": [0, 0, 0]
						},
						"0.625": {
							"vector": [-5, 0, 0]
						},
						"0.8333": {
							"vector": [-25, 0, 0]
						},
						"0.875": {
							"vector": [-46.25, 0, 0]
						},