{
	"format_version": "1.8.0",
	"animations": {
		"clap": {
			"animation_length": 0.2917,
			"bones": {
				"right_arm": {
					"rotation": {
						"0.0": {
							"vector": [-90, 0, 0]
						},
						"0.125": {
							"vector": [-90, -25, 0],
							"easing": "easeInElastic"
						},
						"0.25": {
							"vector": [-90, 0, 0],
							"easing": "easeInElastic"
						}
					}
				},
				"left_arm": {
					"rotation": {
						"0.0": {
							"vector": [-90, 0, 0]
						},
						"0.125": {
							"vector": [-90, 25, 0],
							"easing": "easeInElastic"
						},
						"0.25": {
							"vector": [-90, 0, 0],
							"easing": "easeInElastic"
						}
					}
				}
			}
		},
		"gaoler_summon": {
			"loop": "hold_on_last_frame",
			"animation_length": 1.25,
			"bones": {
				"body": {
					"rotation": {
						"0.0": {
							"vector": [0, 0, 0]
						},
						"0.2917": {
							"vector": [7.5, 0, 0]
						},
						"1.25": {
							"vector": [7.5, 0, 0]
						}
					}
				},
				"head": {
					"rotation": {
						"0.0": {
							"vector": [0, 0, 0]
						},
						"0.2917": {
							"vector": [-7.5, 0, 0]
						},
						"1.25": {
							"vector": [-7.5, 0, 0]
						}
					}
				},
				"right_arm": {
					"rotation": {
						"0.0": {
							"vector": [0, 0, 0]
						},
						"0.2083": {
							"vector": [-87.24194, -24.97457, -1.16524]
						},
						"0.375": {
							"vector": [-109.41759, -25.04376, 9.86716]
						},
						"0.4583": {
							"vector": [-107.12065, -26.60872, 4.59511]
						},
						"0.5417": {
							"vector": [-109.42, -25.04, 9.87]
						},
						"1.25": {
							"vector": [-109.42, -25.04, 9.87]
						}
					}
				},
				"left_arm": {
					"rotation": {
						"0.0": {
							"vector": [0, 0, 0]
						},
						"0.2083": {
							"vector": [-73.82646, 21.69365, 6.1191]
						},
						"0.375": {
							"vector": [-89.804, 22.36591, 3.52351]
						},
						"0.4583": {
							"vector": [-86.72738, 22.14235, 11.62097]
						},
						"0.5417": {
							"vector": [-89.8, 22.37, 3.52]
						},
						"1.25": {
							"vector": [-89.8, 22.37, 3.52]
						}
					}
				},
				"right_leg": {
					"rotation": {
						"0.0": {
							"vector": [0, 0, 0]
						},
						"0.2083": {
							"vector": [-7.5, 0, 0]
						},
						"0.375": {
							"vector": [-12.60443, 7.32123, -1.63219]
						},
						"1.25": {
							"vector": [-12.60443, 7.32123, -1.63219]
						}
					}
				},
				"left_leg": {
					"rotation": {
						"0.0": {
							"vector": [0, 0, 0]
						},
						"0.2083": {
							"vector": [-7.5, 0, 0]
						},
						"0.375": {
							"vector": [-2.52154, -7.49282, 0.32902]
						},
						"1.25": {
							"vector": [-2.52154, -7.49282, 0.32902]
						}
					}
				}
			}
		},
		"ascended_pose1": {
			"animation_length": 1.25,
			"bones": {
				"body": {
					"rotation": {
						"vector": [65, 0, 0]
					}
				},
				"head": {
					"rotation": {
						"vector": [12.5, 0, 0]
					}
				},
				"right_leg": {
					"rotation": {
						"vector": [-37.5, 0, 0]
					}
				},
				"left_leg": {
					"rotation": {
						"vector": [-70, 0, 0]
					},
					"position": {
						"vector": [0, 3, -2]
					}
				},
				"right_arm": {
					"rotation": {
						"vector": [-57.50142, -21.46902, -13.12427]
					},
					"position": {
						"vector": [0, -1, -4]
					}
				},
				"left_arm": {
					"rotation": {
						"vector": [-61.0146, 17.66046, 9.54013]
					},
					"position": {
						"vector": [0, -1, -4]
					}
				}
			}
		},
		"ascended_pose2": {
			"animation_length": 1.75,
			"bones": {
				"body": {
					"rotation": {
						"0.0": {
							"vector": [65, 0, 0]
						},
						"1.2083": {
							"vector": [0, 0, 0]
						}
					}
				},
				"torso": {
					"rotation": {
						"vector": [0, 0, 0]
					}
				},
				"head": {
					"rotation": {
						"0.0": {
							"vector": [12.5, 0, 0]
						},
						"0.5833": {
							"vector": [31.47, 0, 0]
						},
						"1.2083": {
							"vector": [0, 0, 0]
						},
						"1.4167": {
							"vector": [-17.5, 0, 0]
						},
						"1.5833": {
							"vector": [0, 0, 0]
						}
					}
				},
				"right_leg": {
					"rotation": {
						"0.0": {
							"vector": [-55, 0, 0]
						},
						"0.25": {
							"vector": [-55, 0, 0]
						},
						"0.75": {
							"vector": [-37, 0, 0]
						},
						"1.2083": {
							"vector": [0, 0, 0]
						}
					},
					"position": {
						"0.0": {
							"vector": [0, -0.75, 0.5]
						},
						"1.2083": {
							"vector": [0, 0, 0]
						}
					}
				},
				"left_leg": {
					"rotation": {
						"0.0": {
							"vector": [-70, 0, 0]
						},
						"1.2083": {
							"vector": [0, 0, 0]
						}
					},
					"position": {
						"0.0": {
							"vector": [0, 3, -2]
						},
						"1.0833": {
							"vector": [0, 0, 0]
						}
					}
				},
				"right_arm": {
					"rotation": {
						"0.0": {
							"vector": [-57.50142, -21.46902, -13.12427]
						},
						"1.2083": {
							"vector": [0, 0, 0]
						},
						"1.375": {
							"vector": [2.5, 12.5, 0]
						},
						"1.5833": {
							"vector": [0, 0, 0]
						}
					},
					"position": {
						"0.0": {
							"vector": [0, -1, -4]
						},
						"0.75": {
							"vector": [0, 0, 0]
						},
						"1.2083": {
							"vector": [0, 0, 0]
						},
						"1.375": {
							"vector": [0, 1, 0]
						},
						"1.5833": {
							"vector": [0, 0, 0]
						}
					}
				},
				"left_arm": {
					"rotation": {
						"0.0": {
							"vector": [-61.0146, 17.66046, 9.54013]
						},
						"1.2083": {
							"vector": [0, 0, 0]
						},
						"1.375": {
							"vector": [2.5, -12.5, 0]
						},
						"1.5833": {
							"vector": [0, 0, 0]
						}
					},
					"position": {
						"0.0": {
							"vector": [0, -1, -4]
						},
						"0.75": {
							"vector": [0, 0, 0]
						},
						"1.2083": {
							"vector": [0, 0, 0]
						},
						"1.375": {
							"vector": [0, 1, 0]
						},
						"1.5833": {
							"vector": [0, 0, 0]
						}
					}
				}
			}
		}
	},
	"geckolib_format_version": 2
}